<?xml version="1.0" ?>
<Results>
  <OverallBest>
    <BestSolution>x1: -0.23001357821431956, x2: -4.292090156566045</BestSolution>
    <BestFitness>3.9062844438090094</BestFitness>
  </OverallBest>
  <IterationsTable>
    <Header>
      <Column>x1</Column>
      <Column>x2</Column>
      <Column>Fitness</Column>
    </Header>
    <Row iteration="1">
      <x1>5.100831886267706</x1>
      <x2>21.476633896122692</x2>
      <Fitness>487.2642894400515</Fitness>
    </Row>
    <Row iteration="2">
      <x1>-15.710404041206132</x1>
      <x2>6.826373279488152</x2>
      <Fitness>293.41616728885583</Fitness>
    </Row>
    <Row iteration="3">
      <x1>-25.358056825881032</x1>
      <x2>-0.7359433703124427</x2>
      <Fitness>293.41616728885583</Fitness>
    </Row>
    <Row iteration="4">
      <x1>-6.537728874555597</x1>
      <x2>1.9965162244133974</x2>
      <Fitness>46.72797587154392</Fitness>
    </Row>
    <Row iteration="5">
      <x1>2.8724351011071203</x1>
      <x2>3.362746021776317</x2>
      <Fitness>19.55894421704472</Fitness>
    </Row>
    <Row iteration="6">
      <x1>7.577517088938479</x1>
      <x2>4.045860920457777</x2>
      <Fitness>19.55894421704472</Fitness>
    </Row>
    <Row iteration="7">
      <x1>5.678776616472614</x1>
      <x2>4.0724340210116585</x2>
      <Fitness>19.55894421704472</Fitness>
    </Row>
    <Row iteration="8">
      <x1>1.3010509056000465</x1>
      <x2>2.714832900718104</x2>
      <Fitness>9.063051137784175</Fitness>
    </Row>
    <Row iteration="9">
      <x1>0.2803412497238025</x1>
      <x2>-1.9564491374713286</x2>
      <Fitness>3.9062844438090094</Fitness>
    </Row>
    <Row iteration="10">
      <x1>-0.23001357821431956</x1>
      <x2>-4.292090156566045</x2>
      <Fitness>3.9062844438090094</Fitness>
    </Row>
  </IterationsTable>
</Results>
