<?xml version="1.0" ?>
<Results>
  <OverallBest>
    <BestSolution>x1: 12, x2: 12, x3: 60, x4: 60</BestSolution>
    <BestFitness>302474.304</BestFitness>
  </OverallBest>
  <IterationsTable>
    <Header>
      <Column>x1</Column>
      <Column>x2</Column>
      <Column>x3</Column>
      <Column>x4</Column>
      <Column>Fitness</Column>
    </Header>
    <Row iteration="1">
      <x1>12</x1>
      <x2>12</x2>
      <x3>60</x3>
      <x4>60</x4>
      <Fitness>302474.304</Fitness>
    </Row>
    <Row iteration="2">
      <x1>12</x1>
      <x2>12</x2>
      <x3>60</x3>
      <x4>60</x4>
      <Fitness>302474.304</Fitness>
    </Row>
    <Row iteration="3">
      <x1>12</x1>
      <x2>12</x2>
      <x3>60</x3>
      <x4>60</x4>
      <Fitness>302474.304</Fitness>
    </Row>
    <Row iteration="4">
      <x1>12</x1>
      <x2>12</x2>
      <x3>60</x3>
      <x4>60</x4>
      <Fitness>302474.304</Fitness>
    </Row>
    <Row iteration="5">
      <x1>12</x1>
      <x2>12</x2>
      <x3>60</x3>
      <x4>60</x4>
      <Fitness>302474.304</Fitness>
    </Row>
    <Row iteration="6">
      <x1>12</x1>
      <x2>12</x2>
      <x3>60</x3>
      <x4>60</x4>
      <Fitness>302474.304</Fitness>
    </Row>
    <Row iteration="7">
      <x1>12</x1>
      <x2>12</x2>
      <x3>60</x3>
      <x4>60</x4>
      <Fitness>302474.304</Fitness>
    </Row>
    <Row iteration="8">
      <x1>12</x1>
      <x2>12</x2>
      <x3>60</x3>
      <x4>60</x4>
      <Fitness>302474.304</Fitness>
    </Row>
    <Row iteration="9">
      <x1>12</x1>
      <x2>12</x2>
      <x3>60</x3>
      <x4>60</x4>
      <Fitness>302474.304</Fitness>
    </Row>
    <Row iteration="10">
      <x1>12</x1>
      <x2>12</x2>
      <x3>60</x3>
      <x4>60</x4>
      <Fitness>302474.304</Fitness>
    </Row>
  </IterationsTable>
</Results>
