<?xml version="1.0" ?>
<Results>
  <OverallBest>
    <BestSolution>x1: -0.9899016261226841, x2: 0.24583741638928425</BestSolution>
    <BestFitness>1.0403412646972925</BestFitness>
  </OverallBest>
  <IterationsTable>
    <Header>
      <Column>x1</Column>
      <Column>x2</Column>
      <Column>Fitness</Column>
    </Header>
    <Row iteration="1">
      <x1>-23.117724338931694</x1>
      <x2>3.14980514052165</x2>
      <Fitness>544.3504510340914</Fitness>
    </Row>
    <Row iteration="2">
      <x1>-0.9899016261226841</x1>
      <x2>0.24583741638928425</x2>
      <Fitness>1.0403412646972925</Fitness>
    </Row>
    <Row iteration="3">
      <x1>-0.9899016261226841</x1>
      <x2>0.24583741638928425</x2>
      <Fitness>1.0403412646972925</Fitness>
    </Row>
    <Row iteration="4">
      <x1>-0.9899016261226841</x1>
      <x2>0.24583741638928425</x2>
      <Fitness>1.0403412646972925</Fitness>
    </Row>
    <Row iteration="5">
      <x1>-0.9899016261226841</x1>
      <x2>0.24583741638928425</x2>
      <Fitness>1.0403412646972925</Fitness>
    </Row>
    <Row iteration="6">
      <x1>-0.9899016261226841</x1>
      <x2>0.24583741638928425</x2>
      <Fitness>1.0403412646972925</Fitness>
    </Row>
    <Row iteration="7">
      <x1>-0.9899016261226841</x1>
      <x2>0.24583741638928425</x2>
      <Fitness>1.0403412646972925</Fitness>
    </Row>
    <Row iteration="8">
      <x1>-0.9899016261226841</x1>
      <x2>0.24583741638928425</x2>
      <Fitness>1.0403412646972925</Fitness>
    </Row>
    <Row iteration="9">
      <x1>-0.9899016261226841</x1>
      <x2>0.24583741638928425</x2>
      <Fitness>1.0403412646972925</Fitness>
    </Row>
    <Row iteration="10">
      <x1>-0.9899016261226841</x1>
      <x2>0.24583741638928425</x2>
      <Fitness>1.0403412646972925</Fitness>
    </Row>
  </IterationsTable>
</Results>
